salary,description,title,skills,company,responsibilities,contact,location,education
,,http://jobview.monster.ca/C-Programming-Engineers-CARD-Job-Burnaby-BC-CA-136359804.aspx,,,,,,
,,http://jobsearch.monster.ca/jobs/Fortinet-Inc__2e_6,,,,,,
,,http://jobsearch.monster.ca/jobs/?where=Burnaby__2c-BC,,,,,,
,,javascript:void();,,,,,,
,,http://jobview.monster.ca/Electrical-Designer-Job-Kelowna-BC-CA-136631148.aspx,,,,,,
,,http://jobsearch.monster.ca/jobs/Metso_6,,,,,,
,,http://jobsearch.monster.ca/jobs/?where=Kelowna__2c-BC,,,,,,
,,javascript:void();,,,,,,
,,http://jobview.monster.ca/PLC-Specialist-Job-Fort-St-John-BC-CA-134195375.aspx,,,,,,
,,http://jobsearch.monster.ca/jobs/Impact-Recruitment-Inc__2e_6,,,,,,
,,http://jobsearch.monster.ca/jobs/?where=Fort-St-John__2c-BC,,,,,,
,,javascript:void();,,,,,,
,,http://jobview.monster.ca/Senior-lead-developer-Job-Vancouver-BC-CA-135156994.aspx,,,,,,
,,http://jobsearch.monster.ca/jobs/Affinity-Bridge-Consulting-Ltd__2e_6,,,,,,
,,http://jobsearch.monster.ca/jobs/?where=Vancouver__2c-BC,,,,,,
,,javascript:void();,,,,,,
,,http://jobview.monster.ca/SEEKING-AN-R-D-SENIOR-SOFTWARE-ENGINEER-FORWARDING-QOS-TRAFFIC-FOR-MAJOR-TELCOM-CO-Job-Burnaby-BC-CA-136373428.aspx,,,,,,
,,http://jobsearch.monster.ca/jobs/CDI-Corporation_6,,,,,,
,,http://jobsearch.monster.ca/jobs/?where=Burnaby__2c-BC,,,,,,
,,javascript:void();,,,,,,
,,http://jobview.monster.ca/J2EE-Technical-Lead-Job-Scarborough-ON-CA-136141936.aspx,,,,,,
,,http://jobsearch.monster.ca/jobs/CDI-Corporation_6,,,,,,
,,http://jobsearch.monster.ca/jobs/?where=Scarborough__2c-ON,,,,,,
,,javascript:void();,,,,,,
,,http://jobview.monster.ca/Software-Developer-Job-Burnaby-BC-CA-126581052.aspx,,,,,,
,,http://jobsearch.monster.ca/jobs/CDI-Corporation_6,,,,,,
,,http://jobsearch.monster.ca/jobs/?where=Burnaby__2c-BC,,,,,,
,,javascript:void();,,,,,,
,,http://jobview.monster.ca/SEEKING-AN-R-D-SYSTEM-FIRMWARE-DESIGN-ENGINEER-FOR-MAJOR-TELCO-IN-BURNABY-B-C-Job-Burnaby-BC-CA-135670064.aspx,,,,,,
,,http://jobsearch.monster.ca/jobs/CDI-Corporation_6,,,,,,
,,http://jobsearch.monster.ca/jobs/?where=Burnaby__2c-BC,,,,,,
,,javascript:void();,,,,,,
,,http://jobview.monster.ca/Manufacturing-Engineering-Technician-Langley-BC-Job-Vancouver-BC-CA-135377743.aspx,,,,,,
,,http://jobsearch.monster.ca/jobs/Philips_6,,,,,,
,,javascript:void(0);,,,,,,
,,http://jobsearch.monster.ca/jobs/?where=Vancouver__2c-BC,,,,,,
,,javascript:void();,,,,,,
,,http://jobview.monster.ca/Central-Automation-Advisor-HR0266384-Job-Kitimat-BC-CA-134612250.aspx,,,,,,
,,http://jobsearch.monster.ca/jobs/Rio-Tinto_6,,,,,,
,,http://jobsearch.monster.ca/jobs/?where=Kitimat__2c-BC,,,,,,
,,javascript:void();,,,,,,
,,http://jobview.monster.ca/Data-Analyst-Job-Burnaby-BC-CA-136683877.aspx,,,,,,
,,http://jobsearch.monster.ca/jobs/Recruitment-Delivery-Center_6,,,,,,
,,http://jobsearch.monster.ca/jobs/?where=Burnaby__2c-BC,,,,,,
,,javascript:void();,,,,,,
,,http://jobview.monster.ca/Customer-Support-Employee-Job-Vancouver-BC-CA-136650033.aspx,,,,,,
,,http://jobsearch.monster.ca/jobs/Philips_6,,,,,,
,,javascript:void(0);,,,,,,
,,http://jobsearch.monster.ca/jobs/?where=Vancouver__2c-BC,,,,,,
,,javascript:void();,,,,,,
,,http://jobview.monster.ca/Web-Application-Developer-Job-Vancouver-BC-CA-131579714.aspx,,,,,,
,,http://jobsearch.monster.ca/jobs/Incognito-Software-Inc__2e_6,,,,,,
,,http://jobsearch.monster.ca/jobs/?where=Vancouver__2c-BC,,,,,,
,,javascript:void();,,,,,,
,,http://jobview.monster.ca/Electrical-Engineer-Kelowna-Job-Kelowna-BC-CA-134857480.aspx,,,,,,
,,http://jobsearch.monster.ca/jobs/Metso_6,,,,,,
,,http://jobsearch.monster.ca/jobs/?where=Kelowna__2c-BC,,,,,,
,,javascript:void();,,,,,,
,,http://jobview.monster.ca/Cloud-SDE-Job-Vancouver-BC-CA-136022120.aspx,,,,,,
,,http://jobsearch.monster.ca/jobs/Brainhunter-Canada_6,,,,,,
,,http://jobsearch.monster.ca/jobs/?where=Vancouver__2c-BC,,,,,,
,,javascript:void();,,,,,,
,,http://jobview.monster.ca/Experienced-Software-Development-Engineer-Job-Victoria-BC-CA-136595077.aspx,,,,,,
,,http://jobsearch.monster.ca/jobs/AbeBooks_6,,,,,,
,,http://jobsearch.monster.ca/jobs/?where=Victoria__2c-BC,,,,,,
,,javascript:void();,,,,,,
,,http://jobview.monster.ca/Intermediate-to-Senior-Java-Developer-Back-End-Job-Vancouver-BC-CA-136008581.aspx,,,,,,
,,http://jobsearch.monster.ca/jobs/Ignite-Technical-Resources-Ltd_6,,,,,,
,,http://jobsearch.monster.ca/jobs/?where=Vancouver__2c-BC,,,,,,
,,javascript:void();,,,,,,
,,http://jobview.monster.ca/Java-Developer-Job-Richmond-BC-CA-135523404.aspx,,,,,,
,,http://jobsearch.monster.ca/jobs/Syscon-Justice-Systems_6,,,,,,
,,http://jobsearch.monster.ca/jobs/?where=Richmond__2c-BC,,,,,,
,,javascript:void();,,,,,,
,,http://jobview.monster.ca/Business-Analyst-Navision-Job-Vancouver-BC-CA-136531425.aspx,,,,,,
,,http://jobsearch.monster.ca/jobs/Stellar-Recruitment-Inc_6,,,,,,
,,http://jobsearch.monster.ca/jobs/?where=Vancouver__2c-BC,,,,,,
,,javascript:void();,,,,,,
,,http://jobview.monster.ca/BI-Developer-Analyst-Job-Vancouver-BC-CA-135934336.aspx,,,,,,
,,http://jobsearch.monster.ca/jobs/WPCG_6,,,,,,
,,http://jobsearch.monster.ca/jobs/?where=Vancouver__2c-BC,,,,,,
,,javascript:void();,,,,,,
,,http://jobview.monster.ca/Interior-Designer-Senior-Level-Job-Vancouver-BC-CA-135642603.aspx,,,,,,
,,http://jobsearch.monster.ca/jobs/Unison-Construction-Management_6,,,,,,
,,http://jobsearch.monster.ca/jobs/?where=Vancouver__2c-BC,,,,,,
,,javascript:void();,,,,,,
,,http://jobview.monster.ca/GIS-Developer-Job-Burnaby-BC-CA-134611862.aspx,,,,,,
,,http://jobsearch.monster.ca/jobs/WebTech-Wireless-Inc_6,,,,,,
,,http://jobsearch.monster.ca/jobs/?where=Burnaby__2c-BC,,,,,,
,,javascript:void();,,,,,,
,,http://jobview.monster.ca/Senior-Software-Engineer-Job-Burnaby-BC-CA-135126973.aspx,,,,,,
,,http://jobsearch.monster.ca/jobs/Schweitzer-Engineering-Laboratories__2c-Inc__2e_6,,,,,,
,,http://jobsearch.monster.ca/jobs/?where=Burnaby__2c-BC,,,,,,
,,javascript:void();,,,,,,
,,http://jobview.monster.ca/Poultry-Nutritionist-Job-Victoria-BC-CA-136481368.aspx,,,,,,
,,http://jobsearch.monster.ca/jobs/Tegel-Foods-Ltd_6,,,,,,
,,http://jobsearch.monster.ca/jobs/?where=Victoria__2c-BC,,,,,,
,,javascript:void();,,,,,,
,,http://jobview.monster.ca/Junior-Business-Analyst-Job-Vancouver-BC-CA-136477331.aspx,,,,,,
,,http://jobsearch.monster.ca/jobs/Ignite-Technical-Resources-Ltd_6,,,,,,
,,http://jobsearch.monster.ca/jobs/?where=Vancouver__2c-BC,,,,,,
,,javascript:void();,,,,,,
